Delta,Time,CORE0_ENERGY (J),CORE0_FREQ (MHZ),CORE0_PSTATE,CORE0_VOLT (V),CPU_ENERGY (J),CPU_FREQUENCY_0,CPU_FREQUENCY_1,CPU_FREQUENCY_10,CPU_FREQUENCY_11,CPU_FREQUENCY_2,CPU_FREQUENCY_3,CPU_FREQUENCY_4,CPU_FREQUENCY_5,CPU_FREQUENCY_6,CPU_FREQUENCY_7,CPU_FREQUENCY_8,CPU_FREQUENCY_9,CPU_USAGE_0,CPU_USAGE_1,CPU_USAGE_10,CPU_USAGE_11,CPU_USAGE_2,CPU_USAGE_3,CPU_USAGE_4,CPU_USAGE_5,CPU_USAGE_6,CPU_USAGE_7,CPU_USAGE_8,CPU_USAGE_9,TOTAL_MEMORY,TOTAL_SWAP,USED_MEMORY,USED_SWAP
0,1740666691834,60807.39100646973,4000,0,1.3,5949.166305541992,3593,3593,3593,3593,3593,3593,3593,3593,3593,3593,3593,3593,26.73248291015625,59.00469207763672,38.043373107910156,21.972808837890625,28.30554962158203,100,58.389705657958984,33.089500427246094,70.04207611083984,21.825538635253906,22.782005310058594,44.5072021484375,17125388288,4831838208,7749926912,0
191,1740666691843,60807.45071411133,4000,0,1.3,5949.794738769531,3593,3593,3593,3593,3593,3593,3593,3593,3593,3593,3593,3593,0,0,0,0,0,100,21.693809509277344,0,0,0,0,0,17125388288,4831838208,7749853184,0
200,1740666692035,60807.87843322754,4000,0,1.29375,5958.824935913086,3593,3593,3593,3593,3593,3593,3593,3593,3593,3593,3593,3593,1.3988800048828125,1.2210235595703125,1.1956939697265625,1.0662918090820313,1.10003662109375,100,2.5181045532226563,1.4670867919921875,1.2091064453125,1.1394500732421875,1.06597900390625,1.576629638671875,17125388288,4831838208,7745699840,0
199,1740666692235,59354.948501586914,4000,0,1.28125,5967.422500610352,3593,3593,3593,3593,3593,3593,3593,3593,3593,3593,3593,3593,1.2804794311523438,2.3824691772460938,1.1077728271484375,1.1093063354492188,3.0829620361328125,28.96752166748047,1.24365234375,72.24677276611328,1.308502197265625,1.1648635864257813,1.1422271728515625,1.1059951782226563,17125388288,4831838208,7756206080,0
205,1740666692435,47504.26290893555,3825,0,1.2,5978.94709777832,3593,3593,3593,3593,3593,3593,3593,3593,3593,3593,3593,3593,34.172210693359375,34.00115203857422,33.16730499267578,33.62267303466797,34.49302673339844,34.80298614501953,34.39618682861328,96.32087707519531,33.54804992675781,33.75627136230469,33.59803771972656,33.515838623046875,17125388288,4831838208,7757025280,0
205,1740666692641,60813.98474121094,3600,1,1.08125,5994.256774902344,3593,3593,3593,3593,3593,3593,3593,3593,3593,3593,3593,3593,90.0317611694336,91.05352783203125,87.77613830566406,87.481201171875,91.25586700439453,90.52337646484375,91.05463409423828,91.78975677490234,88.75611877441406,88.81661987304688,88.72459411621094,87.8794937133789,17125388288,4831838208,7757131776,0
206,1740666692847,59360.30603027344,3600,1,1.06875,6009.976867675781,3593,3593,3593,3593,3593,3593,3593,3593,3593,3593,3593,3593,89.27592468261719,88.93551635742188,86.24986267089844,87.12686920166016,90.41546630859375,88.5223617553711,89.4195785522461,91.61847686767578,87.88052368164063,88.082275390625,87.4036636352539,86.24174499511719,17125388288,4831838208,7755005952,0
202,1740666693053,60817.912658691406,3575,1,1.06875,6023.987411499023,3593,3593,3593,3593,3593,3593,3593,3593,3593,3593,3593,3593,90.25994110107422,90.4391098022461,85.86911010742188,87.07130432128906,91.1450424194336,89.52767944335938,89.89546203613281,91.3572998046875,87.82638549804688,89.289306640625,87.861328125,86.82137298583984,17125388288,4831838208,7754948608,0
212,1740666693256,59363.89047241211,3675,0,1.08125,6038.036071777344,3593,3593,3593,3593,3593,3593,3593,3593,3593,3593,3593,3593,89.51664733886719,89.6295394897461,87.70774841308594,85.94561004638672,89.91545867919922,91.1911849975586,89.45103454589844,91.25765991210938,88.14019775390625,87.35884094238281,87.54647064208984,86.98480987548828,17125388288,4831838208,7756955648,0
200,1740666693469,59365.851333618164,3600,1,1.075,6053.30924987793,3593,3593,3593,3593,3593,3593,3593,3593,3593,3593,3593,3593,88.8763198852539,88.31986999511719,86.69038391113281,86.68653106689453,89.06311798095703,89.66180419921875,89.6243896484375,90.28720092773438,87.14524841308594,86.16062927246094,87.32583618164063,87.51054382324219,17125388288,4831838208,7756894208,0
210,1740666693670,59367.64793395996,3675,0,1.09375,6067.20832824707,3593,3593,3593,3593,3593,3593,3593,3593,3593,3593,3593,3593,89.97531127929688,91.17374420166016,87.67915344238281,87.04246520996094,90.4501953125,90.42870330810547,90.35965728759766,89.75684356689453,87.85358428955078,88.45106506347656,88.2774887084961,87.66797637939453,17125388288,4831838208,7756894208,0
200,1740666693880,59369.59440612793,3575,1,1.0625,6082.264938354492,3593,3593,3593,3593,3593,3593,3593,3593,3593,3593,3593,3593,89.49771118164063,89.43109893798828,86.98091125488281,86.99929809570313,91.61354064941406,90.0997085571289,90.19232177734375,89.9180679321289,87.70569610595703,87.83796691894531,87.67538452148438,87.3814926147461,17125388288,4831838208,7756894208,0
211,1740666694082,59371.40411376953,3675,0,1.09375,6096.233612060547,3593,3593,3593,3593,3593,3593,3593,3593,3593,3593,3593,3593,90.11567687988281,88.71558380126953,87.1040267944336,86.85173034667969,90.32284545898438,91.48795318603516,90.1905517578125,89.6230697631836,88.62496948242188,88.58916473388672,88.80116271972656,87.91548156738281,17125388288,4831838208,7756890112,0
201,1740666694294,59373.31312561035,3625,0,1.075,6111.100326538086,3593,3593,3593,3593,3593,3593,3593,3593,3593,3593,3593,3593,88.49855041503906,89.17310333251953,88.00009155273438,86.72534942626953,89.85433959960938,89.40203094482422,90.0319595336914,91.49739837646484,88.05747985839844,87.80047607421875,87.70352935791016,86.0983657836914,17125388288,4831838208,7756820480,0
209,1740666694496,59375.10026550293,3675,0,1.09375,6125.006088256836,3593,3593,3593,3593,3593,3593,3593,3593,3593,3593,3593,3593,89.4975814819336,90.05854797363281,87.52008056640625,87.444091796875,90.47577667236328,90.53031921386719,90.4127197265625,91.10254669189453,88.3289794921875,87.7808837890625,87.89491271972656,87.58915710449219,17125388288,4831838208,7756713984,0
200,1740666694705,60833.07946777344,3550,1,1.03125,6139.561325073242,3593,3593,3593,3593,3593,3593,3593,3593,3593,3593,3593,3593,90.23101806640625,90.74674987792969,87.83244323730469,86.35401153564453,90.34971618652344,90.11222839355469,90.30209350585938,90.27471160888672,87.71427154541016,87.9018783569336,88.7665023803711,87.72698211669922,17125388288,4831838208,7756685312,0
200,1740666694906,51107.97026062012,3675,0,1.09375,6153.695816040039,3593,3593,3593,3593,3593,3593,3593,3593,3593,3593,3593,3593,89.11288452148438,89.5911636352539,87.2787094116211,86.88896942138672,90.40814971923828,92.14689636230469,89.99004364013672,90.13605499267578,86.96566772460938,87.64173889160156,87.65886688232422,86.81271362304688,17125388288,4831838208,7756685312,0
203,1740666695106,49100.33865356445,3550,1,1.03125,6168.330917358398,3593,3593,3593,3593,3593,3593,3593,3593,3593,3593,3593,3593,89.89947509765625,89.52530670166016,85.30216979980469,85.82183074951172,89.36072540283203,88.64834594726563,88.19876861572266,89.21775817871094,87.36235046386719,86.88065338134766,85.86538696289063,86.95938110351563,17125388288,4831838208,7756419072,0
200,1740666695310,47529.70008850098,3575,1,1.05,6181.537414550781,3593,3593,3593,3593,3593,3593,3593,3593,3593,3593,3593,3593,90.07991790771484,89.92544555664063,87.32750701904297,87.59568786621094,90.08915710449219,91.66283416748047,90.23690032958984,90.47474670410156,89.41122436523438,88.06756591796875,87.96540069580078,87.7593994140625,17125388288,4831838208,7756460032,0
201,1740666695511,60840.302825927734,3625,0,1.08125,6195.145355224609,3593,3593,3593,3593,3593,3593,3593,3593,3593,3593,3593,3593,88.3032455444336,87.5858154296875,85.54060363769531,85.47786712646484,88.88127899169922,89.87777709960938,87.77023315429688,88.86764526367188,86.0955581665039,85.2706298828125,87.20905303955078,87.46064758300781,17125388288,4831838208,7756283904,0
200,1740666695713,51115.31848144531,3550,1,1.0437500000000002,6210.234359741211,3593,3593,3593,3593,3593,3593,3593,3593,3593,3593,3593,3593,90.68987274169922,89.12911224365234,87.62715911865234,87.38529205322266,91.62291717529297,90.5445556640625,90.41680908203125,90.33108520507813,87.77812957763672,87.43273162841797,88.67766571044922,88.4311294555664,17125388288,4831838208,7756169216,0
205,1740666695913,51117.05651855469,3525,1,1.025,6223.913116455078,3593,3593,3593,3593,3593,3593,3593,3593,3593,3593,3593,3593,89.91545867919922,89.02084350585938,85.90316009521484,86.16803741455078,89.108154296875,90.79729461669922,89.09005737304688,90.66224670410156,86.98290252685547,87.91554260253906,88.24457550048828,86.30464935302734,17125388288,4831838208,7756308480,0
202,1740666696119,59389.471603393555,3550,1,1.05,6237.232559204102,3593,3593,3593,3593,3593,3593,3593,3593,3593,3593,3593,3593,89.974853515625,89.70790100097656,87.10855102539063,87.20893096923828,90.52786254882813,91.47154235839844,89.48756408691406,91.4046859741211,88.71998596191406,89.33639526367188,88.2034912109375,88.13484191894531,17125388288,4831838208,7756431360,0
212,1740666696322,59391.228515625,3700,0,1.10625,6250.825698852539,3593,3593,3593,3593,3593,3593,3593,3593,3593,3593,3593,3593,90.30914306640625,90.75309753417969,86.93345642089844,87.48737335205078,90.52442169189453,91.3895492553711,90.21395874023438,89.64471435546875,88.6125717163086,88.33950805664063,87.95909881591797,87.2328109741211,17125388288,4831838208,7756910592,0
200,1740666696536,59393.10144042969,3625,0,1.08125,6265.6246337890625,3593,3593,3593,3593,3593,3593,3593,3593,3593,3593,3593,3593,89.66032409667969,89.60220336914063,86.37659454345703,87.2518310546875,91.04399108886719,90.26478576660156,90.07984161376953,89.88273620605469,87.8748550415039,87.7431640625,87.38522338867188,86.99024200439453,17125388288,4831838208,7756783616,0
209,1740666696736,59394.86120605469,3675,0,1.09375,6279.306076049805,3593,3593,3593,3593,3593,3593,3593,3593,3593,3593,3593,3593,89.93305206298828,90.01492309570313,87.73738861083984,87.07874298095703,90.47511291503906,90.88513946533203,90.49043273925781,91.16390228271484,88.22840881347656,88.11216735839844,89.21337890625,88.56546020507813,17125388288,4831838208,7756693504,0
200,1740666696946,59396.69468688965,3600,1,1.05625,6293.885467529297,3593,3593,3593,3593,3593,3593,3593,3593,3593,3593,3593,3593,90.84262084960938,91.11038970947266,88.03044891357422,87.12930297851563,90.89788818359375,88.90412139892578,91.47053527832031,90.55232238769531,89.7275619506836,88.3764877319336,88.75017547607422,87.89898681640625,17125388288,4831838208,7756496896,0
200,1740666697147,60854.919921875,3600,1,1.075,6307.551910400391,3593,3593,3593,3593,3593,3593,3593,3593,3593,3593,3593,3593,89.58511352539063,89.12841033935547,86.84235382080078,86.79226684570313,90.00049591064453,90.23526763916016,89.40178680419922,90.5394058227539,87.87914276123047,86.6226806640625,87.77615356445313,86.81758880615234,17125388288,4831838208,7756419072,0
208,1740666697348,59400.27569580078,3500,1,1.00625,6322.14387512207,3593,3593,3593,3593,3593,3593,3593,3593,3593,3593,3593,3593,90.07450103759766,89.77519989013672,85.05876159667969,84.44790649414063,88.94530487060547,88.50537109375,89.80247497558594,90.37289428710938,88.53028106689453,87.9496078491211,86.86250305175781,86.38619995117188,17125388288,4831838208,7758745600,0
206,1740666697556,60858.52571105957,3600,1,1.0625,6335.3740234375,3593,3593,3593,3593,3593,3593,3593,3593,3593,3593,3593,3593,89.74838256835938,89.49488830566406,85.92511749267578,86.08538818359375,89.81757354736328,90.06192779541016,89.0343246459961,89.29136657714844,87.93306732177734,86.9416275024414,87.22245025634766,87.84774017333984,17125388288,4831838208,7758610432,0
203,1740666697763,59403.84652709961,3575,1,1.0437500000000002,6350.229904174805,3593,3593,3593,3593,3593,3593,3593,3593,3593,3593,3593,3593,90.6224594116211,90.3674087524414,87.80860900878906,88.22669982910156,91.04224395751953,90.71484375,90.8758544921875,91.4874038696289,88.68894958496094,88.51424407958984,88.76249694824219,88.38729095458984,17125388288,4831838208,7758147584,0
200,1740666697967,49126.342544555664,3550,1,1.03125,6363.435577392578,3593,3593,3593,3593,3593,3593,3593,3593,3593,3593,3593,3593,87.2674789428711,90.9639892578125,86.06864166259766,87.01575469970703,90.75580596923828,88.71463775634766,88.91539764404297,90.12648010253906,88.40357971191406,86.92455291748047,88.25584411621094,86.95880889892578,17125388288,4831838208,7758028800,0
202,1740666698167,59407.27378845215,3625,0,1.075,6377.316101074219,3593,3593,3593,3593,3593,3593,3593,3593,3593,3593,3593,3593,90.28662872314453,89.97781372070313,87.3609619140625,86.75584411621094,89.78924560546875,90.71102905273438,90.03175354003906,88.6882095336914,88.55392456054688,87.73692321777344,88.7120132446289,86.53418731689453,17125388288,4831838208,7757791232,0
200,1740666698370,60865.79473876953,3525,1,1.01875,6391.604705810547,3593,3593,3593,3593,3593,3593,3593,3593,3593,3593,3593,3593,90.97926330566406,88.37965393066406,87.1358642578125,86.57901763916016,90.97643280029297,91.10606384277344,90.53553009033203,91.26841735839844,88.50289154052734,88.58612060546875,88.28868865966797,88.35887908935547,17125388288,4831838208,7757455360,0
200,1740666698571,60867.443298339844,3525,1,1.01875,6404.588882446289,3593,3593,3593,3593,3593,3593,3593,3593,3593,3593,3593,3593,89.32699584960938,89.05533599853516,87.53714752197266,87.95784759521484,90.74380493164063,91.25918579101563,89.9629898071289,91.05831909179688,88.55914306640625,88.6982421875,88.67662811279297,88.03858184814453,17125388288,4831838208,7757258752,0
204,1740666698771,59412.39276123047,3525,1,1.0375,6417.8289794921875,3593,3593,3593,3593,3593,3593,3593,3593,3593,3593,3593,3593,89.84780883789063,89.71070098876953,85.04570007324219,85.74006652832031,89.45162963867188,89.40861511230469,89.14326477050781,88.7207260131836,87.59178161621094,87.65109252929688,87.1102294921875,86.46729278564453,17125388288,4831838208,7757168640,0
205,1740666698976,51143.85205078125,3550,1,1.025,6432.609634399414,3593,3593,3593,3593,3593,3593,3593,3593,3593,3593,3593,3593,88.7413330078125,90.72301483154297,86.79301452636719,87.55477905273438,91.00262451171875,89.97980499267578,89.64910888671875,89.85482788085938,87.75447845458984,88.8668441772461,88.4023666381836,88.19121551513672,17125388288,4831838208,7757086720,0
200,1740666699181,59415.922622680664,3550,1,1.025,6445.832366943359,3593,3593,3593,3593,3593,3593,3593,3593,3593,3593,3593,3593,89.62998962402344,89.91007232666016,87.29292297363281,86.8366928100586,90.04785919189453,91.13613891601563,89.94021606445313,90.45580291748047,88.18428039550781,88.65947723388672,87.79873657226563,88.66004943847656,17125388288,4831838208,7756865536,0
202,1740666699382,59417.584533691406,3550,1,1.05625,6459.120193481445,3593,3593,3593,3593,3593,3593,3593,3593,3593,3593,3593,3593,89.59635162353516,90.76000213623047,86.72112274169922,86.16657257080078,90.06505584716797,88.77928161621094,89.43270111083984,88.93072509765625,87.26924133300781,86.85523986816406,88.07435607910156,87.3199462890625,17125388288,4831838208,7758229504,0
201,1740666699584,47565.73439025879,3500,1,1.01875,6473.708312988281,3593,3593,3593,3593,3593,3593,3593,3593,3593,3593,3593,3593,89.86824798583984,89.41934204101563,87.31432342529297,87.90302276611328,90.782470703125,91.06746673583984,89.81851196289063,91.6617202758789,88.67896270751953,88.36795806884766,88.14862060546875,88.36839294433594,17125388288,4831838208,7758012416,0
200,1740666699786,60878.025390625,3525,1,1.01875,6486.829574584961,3593,3593,3593,3593,3593,3593,3593,3593,3593,3593,3593,3593,89.66030883789063,89.22166442871094,86.70995330810547,86.63968658447266,90.56287384033203,89.6067886352539,90.23162841796875,91.22599792480469,88.20511627197266,88.3421630859375,87.63490295410156,87.63927459716797,17125388288,4831838208,7757885440,0
204,1740666699987,59422.705505371094,3575,1,1.0437500000000002,6500.077743530273,3593,3593,3593,3593,3593,3593,3593,3593,3593,3593,3593,3593,89.98896789550781,90.92008209228516,86.43719482421875,87.43748474121094,90.21483612060547,89.48250579833984,89.67313385009766,90.43514251708984,87.77415466308594,87.89685821533203,87.22310638427734,87.71142578125,17125388288,4831838208,7757770752,0
193,1740666700199,48966.729583740234,3575,1,1.05,6514.627731323242,3593,3593,3593,3593,3593,3593,3593,3593,3593,3593,3593,3593,91.40862274169922,92.00926208496094,87.96131896972656,88.48844909667969,91.2126693725586,90.38726806640625,90.62601470947266,91.56239318847656,88.8123550415039,88.74290466308594,88.78675842285156,88.45232391357422,17125388288,4831838208,7757623296,0
200,1740666700393,60883.2205657959,3550,1,1.03125,6527.691070556641,3593,3593,3593,3593,3593,3593,3593,3593,3593,3593,3593,3593,89.73704528808594,91.07828521728516,86.95001983642578,87.00178527832031,89.77198028564453,89.88470458984375,90.82704162597656,90.61195373535156,88.25494384765625,88.19419860839844,88.71766662597656,88.37345123291016,17125388288,4831838208,7758295040,0
201,1740666700594,59427.82807922363,3625,0,1.075,6540.95246887207,3593,3593,3593,3593,3593,3593,3593,3593,3593,3593,3593,3593,89.76531982421875,91.31301879882813,86.14848327636719,86.2696762084961,89.44769287109375,88.66846466064453,90.71234893798828,89.14723205566406,88.06102752685547,87.50923919677734,88.04693603515625,88.01557922363281,17125388288,4831838208,7758127104,0
206,1740666700795,49151.44338989258,3675,0,1.08125,6554.514236450195,3593,3593,3593,3593,3593,3593,3593,3593,3593,3593,3593,3593,89.61965942382813,88.74609375,85.94670104980469,85.87577056884766,90.26644897460938,89.1359634399414,88.75922393798828,91.05661010742188,87.5555419921875,88.25962829589844,86.82806396484375,87.18921661376953,17125388288,4831838208,7757901824,0
200,1740666701002,60888.492904663086,3500,1,1.00625,6568.885452270508,3593,3593,3593,3593,3593,3593,3593,3593,3593,3593,3593,3593,90.38116455078125,90.80634307861328,87.65412902832031,87.88899993896484,90.73001098632813,91.03046417236328,90.54612731933594,89.450439453125,88.69056701660156,87.7533187866211,88.47349548339844,87.88340759277344,17125388288,4831838208,7757750272,0
205,1740666701203,60890.171447753906,3525,1,1.03125,6582.048522949219,3593,3593,3593,3593,3593,3593,3593,3593,3593,3593,3593,3593,89.33440399169922,88.88722229003906,87.22346496582031,87.86495208740234,89.98056030273438,90.06874084472656,90.64855194091797,90.29634857177734,88.93722534179688,88.50914001464844,87.55709838867188,87.63505554199219,17125388288,4831838208,7757623296,0
203,1740666701408,47580.756088256836,3525,1,1.03125,6596.854782104492,3593,3593,3593,3593,3593,3593,3593,3593,3593,3593,3593,3593,89.36666870117188,90.3148193359375,87.18547821044922,86.6284408569336,90.4791488647461,90.58184051513672,89.97496032714844,90.44823455810547,87.50433349609375,87.07283782958984,88.49359130859375,88.09577941894531,17125388288,4831838208,7758770176,0
200,1740666701611,47582.33142089844,3550,1,1.03125,6609.866348266602,3593,3593,3593,3593,3593,3593,3593,3593,3593,3593,3593,3593,90.31869506835938,90.37699890136719,87.26036834716797,86.61461639404297,89.75706481933594,90.42269134521484,90.98394012451172,89.42124938964844,87.89044952392578,87.70265197753906,87.51275634765625,86.8226547241211,17125388288,4831838208,7758589952,0
203,1740666701812,59438.1238861084,3550,1,1.0375,6622.962585449219,3593,3593,3593,3593,3593,3593,3593,3593,3593,3593,3593,3593,89.84549713134766,91.6545639038086,86.97171020507813,86.64586639404297,89.39531707763672,89.4456558227539,89.80459594726563,90.14958190917969,88.43431091308594,87.36421203613281,87.80366516113281,87.06427764892578,17125388288,4831838208,7758471168,0
207,1740666702016,59439.93132019043,3525,1,1.01875,6637.434432983398,3593,3593,3593,3593,3593,3593,3593,3593,3593,3593,3593,3593,90.3621826171875,90.67727661132813,87.80683135986328,88.12173461914063,90.76895904541016,89.96544647216797,91.60540771484375,90.87769317626953,88.32528686523438,88.78341674804688,88.30828857421875,88.35746002197266,17125388288,4831838208,7758385152,0
200,1740666702224,59441.599609375,3575,1,1.0437500000000002,6650.757369995117,3593,3593,3593,3593,3593,3593,3593,3593,3593,3593,3593,3593,90.34290313720703,89.81436157226563,86.76917266845703,86.97454833984375,90.38114929199219,89.04399108886719,89.72234344482422,90.02799987792969,88.73072052001953,88.42828369140625,88.8928451538086,87.23342895507813,17125388288,4831838208,7758270464,0
203,1740666702424,59443.25422668457,3600,1,1.06875,6664.070358276367,3593,3593,3593,3593,3593,3593,3593,3593,3593,3593,3593,3593,89.53643035888672,90.48808288574219,86.08238220214844,85.40753936767578,89.87486267089844,89.92131042480469,90.62297058105469,87.9749755859375,87.03611755371094,87.22037506103516,86.56868743896484,87.40914916992188,17125388288,4831838208,7758721024,0
200,1740666702628,47590.713317871094,3550,1,1.03125,6678.780334472656,3593,3593,3593,3593,3593,3593,3593,3593,3593,3593,3593,3593,90.11922454833984,88.56614685058594,86.66802215576172,86.87701416015625,90.1404800415039,90.28001403808594,89.55682373046875,90.63961791992188,88.08595275878906,87.13048553466797,88.58805847167969,88.5919418334961,17125388288,4831838208,7758475264,0
201,1740666702829,60904.0837097168,3525,1,1.025,6691.643173217773,3593,3593,3593,3593,3593,3593,3593,3593,3593,3593,3593,3593,90.04084014892578,90.47904968261719,87.62171936035156,87.57603454589844,90.66832733154297,89.55807495117188,90.12714385986328,90.90199279785156,87.94930267333984,88.76304626464844,88.31803894042969,87.5218276977539,17125388288,4831838208,7758356480,0
200,1740666703030,59448.323303222656,3525,1,1.025,6704.682373046875,3593,3593,3593,3593,3593,3593,3593,3593,3593,3593,3593,3593,89.4457015991211,89.79757690429688,88.22291564941406,88.00184631347656,90.26702117919922,91.23027038574219,90.83565521240234,90.06776428222656,89.09315490722656,88.92302703857422,87.36991882324219,87.93709564208984,17125388288,4831838208,7758258176,0
200,1740666703230,48992.72367858887,3600,1,1.05,6718.2186279296875,3593,3593,3593,3593,3593,3593,3593,3593,3593,3593,3593,3593,90.2904052734375,89.9396743774414,86.30598449707031,87.63072967529297,90.52574920654297,90.82466888427734,89.27110290527344,89.9231185913086,87.81165313720703,87.41520690917969,89.15003967285156,87.49049377441406,17125388288,4831838208,7758471168,0
201,1740666703431,51181.85821533203,3500,1,1.00625,6732.392761230469,3593,3593,3593,3593,3593,3593,3593,3593,3593,3593,3593,3593,90.13231658935547,90.77392578125,86.66152954101563,86.30891418457031,90.07543182373047,90.388916015625,90.29487609863281,89.79833221435547,87.71770477294922,87.41461944580078,87.04141235351563,87.85852813720703,17125388288,4831838208,7758372864,0
201,1740666703632,51183.44862365723,3525,1,1.01875,6745.165542602539,3593,3593,3593,3593,3593,3593,3593,3593,3593,3593,3593,3593,89.63615417480469,90.58370208740234,86.8095703125,86.57087707519531,89.28535461425781,90.02992248535156,89.07637786865234,92.1622543334961,87.22871398925781,88.11923217773438,86.69178009033203,86.22002410888672,17125388288,4831838208,7758143488,0
205,1740666703834,60912.50444030762,3525,1,1.01875,6758.281814575195,3593,3593,3593,3593,3593,3593,3593,3593,3593,3593,3593,3593,90.01188659667969,90.68570709228516,87.61832427978516,87.62240600585938,90.37149047851563,90.34652709960938,90.95968627929688,91.00028228759766,88.45118713378906,88.18639373779297,88.85232543945313,88.53971099853516,17125388288,4831838208,7757914112,0
202,1740666704040,59456.77360534668,3525,1,1.01875,6772.892990112305,3593,3593,3593,3593,3593,3593,3593,3593,3593,3593,3593,3593,90.07798767089844,91.0201416015625,87.5479965209961,87.75267028808594,90.53202819824219,89.9529800415039,91.09957122802734,90.57630920410156,89.36016082763672,89.16439056396484,88.17109680175781,87.99948120117188,17125388288,4831838208,7757701120,0
201,1740666704243,51188.54611206055,3525,1,1.01875,6785.827835083008,3593,3593,3593,3593,3593,3593,3593,3593,3593,3593,3593,3593,89.98664855957031,90.12208557128906,87.92994689941406,87.64899444580078,90.82208251953125,89.28909301757813,90.53117370605469,90.95545959472656,88.30491638183594,89.21758270263672,88.22652435302734,87.52732849121094,17125388288,4831838208,7758843904,0
202,1740666704445,59459.98709106445,3550,1,1.03125,6799.102752685547,3593,3593,3593,3593,3593,3593,3593,3593,3593,3593,3593,3593,89.85751342773438,89.50798797607422,86.56167602539063,86.80690002441406,90.37399291992188,90.02733612060547,90.5152587890625,89.65882873535156,88.84344482421875,87.67878723144531,88.5226821899414,88.33769226074219,17125388288,4831838208,7758692352,0
203,1740666704648,59461.645935058594,3550,1,1.025,6812.468246459961,3593,3593,3593,3593,3593,3593,3593,3593,3593,3593,3593,3593,90.755615234375,91.28071594238281,88.23395538330078,87.4259033203125,91.39089965820313,91.34971618652344,90.85533142089844,90.43142700195313,89.7304916381836,89.07450866699219,88.73624420166016,88.59380340576172,17125388288,4831838208,7758553088,0
201,1740666704851,60921.12225341797,3550,1,1.03125,6826.5294189453125,3593,3593,3593,3593,3593,3593,3593,3593,3593,3593,3593,3593,90.2255859375,90.24595642089844,87.6952896118164,87.42646026611328,89.94073486328125,91.025390625,90.43766784667969,90.91217041015625,88.89189147949219,88.82633972167969,88.43281555175781,88.82511901855469,17125388288,4831838208,7758430208,0
200,1740666705053,60922.734802246094,3600,1,1.05625,6839.651168823242,3593,3593,3593,3593,3593,3593,3593,3593,3593,3593,3593,3593,89.94818878173828,91.1790771484375,86.30303192138672,85.82760620117188,90.10008239746094,89.32206726074219,89.32060241699219,88.79652404785156,88.58519744873047,87.48969268798828,87.94855499267578,87.5260009765625,17125388288,4831838208,7758323712,0
199,1740666705254,49190.35029602051,3500,1,1.01875,6854.326751708984,3593,3593,3593,3593,3593,3593,3593,3593,3593,3593,3593,3593,90.61166381835938,90.21336364746094,86.8016357421875,86.85840606689453,90.32550811767578,89.69465637207031,90.01605987548828,90.45216369628906,88.92402648925781,87.48336029052734,88.18467712402344,87.88079833984375,17125388288,4831838208,7758921728,0
207,1740666705453,59468.40635681152,3500,1,1.0125000000000002,6867.261276245117,3593,3593,3593,3593,3593,3593,3593,3593,3593,3593,3593,3593,89.57107543945313,88.39818572998047,86.9002685546875,86.25971984863281,89.36431884765625,91.54700469970703,89.4636459350586,90.75335693359375,88.31758117675781,87.14480590820313,87.79351806640625,87.23607635498047,17125388288,4831838208,7758368768,0
200,1740666705661,51200.3642578125,3525,1,1.01875,6880.063949584961,3593,3593,3593,3593,3593,3593,3593,3593,3593,3593,3593,3593,90.26634216308594,91.14920043945313,87.15493774414063,87.53760528564453,90.89850616455078,89.65560150146484,90.56243896484375,91.5340576171875,88.09779357910156,88.11222839355469,89.2148208618164,87.76130676269531,17125388288,4831838208,7758266368,0
204,1740666705861,59471.68354797363,3650,0,1.08125,6893.858703613281,3593,3593,3593,3593,3593,3593,3593,3593,3593,3593,3593,3593,89.44741821289063,91.0704116821289,85.94657135009766,85.22077178955078,89.51598358154297,89.28876495361328,88.57207489013672,88.93826293945313,87.13632202148438,85.0250244140625,87.0655746459961,85.700927734375,17125388288,4831838208,7758127104,0
208,1740666706065,60931.34175109863,3525,1,1.01875,6907.823654174805,3593,3593,3593,3593,3593,3593,3593,3593,3593,3593,3593,3593,90.75886535644531,90.99600982666016,86.9610595703125,87.58096313476563,90.50094604492188,89.77520751953125,90.37720489501953,91.31010437011719,89.29767608642578,88.73992919921875,88.91749572753906,87.39065551757813,17125388288,4831838208,7758032896,0
200,1740666706274,60932.96435546875,3500,1,1.0125000000000002,6920.969314575195,3593,3593,3593,3593,3593,3593,3593,3593,3593,3593,3593,3593,90.39032745361328,90.0087890625,87.00436401367188,86.76542663574219,91.98560333251953,90.01897430419922,89.98248291015625,89.29075622558594,87.8749771118164,87.8072738647461,88.47731018066406,88.22909545898438,17125388288,4831838208,7758868480,0
203,1740666706475,59476.63478088379,3500,1,1.025,6934.128814697266,3593,3593,3593,3593,3593,3593,3593,3593,3593,3593,3593,3593,87.54047393798828,89.05149841308594,84.48714447021484,84.07453155517578,91.52220916748047,90.54360961914063,86.82762145996094,86.58943176269531,85.74024963378906,85.80325317382813,85.31791687011719,85.10002136230469,17125388288,4831838208,7755010048,0
212,1740666706679,60936.26176452637,3600,1,1.05625,6947.430648803711,3593,3593,3593,3593,3593,3593,3593,3593,3593,3593,3593,3593,91.40846252441406,91.27301788330078,87.42306518554688,88.1248779296875,91.6836166381836,90.51083374023438,90.81051635742188,91.75018310546875,88.93819427490234,89.3580322265625,88.78426361083984,88.05928039550781,17125388288,4831838208,7754878976,0
200,1740666706892,59480.0408782959,3450,1,1,6961.849609375,3593,3593,3593,3593,3593,3593,3593,3593,3593,3593,3593,3593,89.74803924560547,88.8641586303711,86.82978820800781,87.42169189453125,90.44182586669922,90.7789077758789,89.92662048339844,89.4309310913086,88.6698989868164,87.7243423461914,89.2164535522461,88.05828857421875,17125388288,4831838208,7754502144,0
199,1740666707092,59481.69761657715,3600,1,1.05,6975.336151123047,3593,3593,3593,3593,3593,3593,3593,3593,3593,3593,3593,3593,89.16661071777344,90.65631103515625,86.33148193359375,86.77108001708984,90.63815307617188,89.7706298828125,89.12358856201172,89.53609466552734,87.35064697265625,86.94412231445313,87.82027435302734,87.13817596435547,17125388288,4831838208,7754350592,0
210,1740666707293,59483.25521850586,3600,1,1.0375,6988.051452636719,3593,3593,3593,3593,3593,3593,3593,3593,3593,3593,3593,3593,90.52299499511719,89.2088851928711,87.91313171386719,87.33699035644531,90.83963012695313,89.78257751464844,90.85205078125,90.70176696777344,87.88037872314453,88.56277465820313,88.35983276367188,87.69194030761719,17125388288,4831838208,7757209600,0
200,1740666707504,51215.522232055664,3525,1,1.01875,7002.178741455078,3593,3593,3593,3593,3593,3593,3593,3593,3593,3593,3593,3593,90.16748809814453,89.58759307861328,86.32904815673828,87.34036254882813,89.92955780029297,90.55175018310547,89.6133041381836,90.42855834960938,87.40965270996094,88.09187316894531,87.98161315917969,86.1556167602539,17125388288,4831838208,7757090816,0
204,1740666707705,60944.76954650879,3550,1,1.0437500000000002,7015.421905517578,3593,3593,3593,3593,3593,3593,3593,3593,3593,3593,3593,3593,90.07901000976563,89.83544158935547,86.03407287597656,85.87654113769531,89.61528778076172,89.07074737548828,90.37742614746094,90.81568145751953,87.3889389038086,87.67778015136719,87.09046936035156,86.7953109741211,17125388288,4831838208,7756963840,0
209,1740666707910,51219.0262298584,3500,1,1.00625,7030.053253173828,3593,3593,3593,3593,3593,3593,3593,3593,3593,3593,3593,3593,90.45268249511719,91.25797271728516,86.99211120605469,86.82612609863281,90.45843505859375,90.0787582397461,90.62834167480469,89.66157531738281,88.51243591308594,87.45092010498047,88.54793548583984,87.73483276367188,17125388288,4831838208,7756845056,0
200,1740666708119,59489.971740722656,3525,1,1.025,7042.988784790039,3593,3593,3593,3593,3593,3593,3593,3593,3593,3593,3593,3593,90.25869750976563,89.36723327636719,87.13247680664063,87.28985595703125,90.18971252441406,91.2955093383789,90.66165924072266,90.92364501953125,88.66409301757813,88.00758361816406,88.4503173828125,87.7376708984375,17125388288,4831838208,7756623872,0
201,1740666708319,51222.30154418945,3600,1,1.05,7056.395263671875,3593,3593,3593,3593,3593,3593,3593,3593,3593,3593,3593,3593,88.7095718383789,90.73271179199219,85.986328125,86.34964752197266,88.95796966552734,90.50492095947266,89.97938537597656,89.7614974975586,87.6219253540039,87.75885772705078,87.68860626220703,87.53855895996094,17125388288,4831838208,7757176832,0
207,1740666708521,59493.353118896484,3500,1,1.00625,7070.646926879883,3593,3593,3593,3593,3593,3593,3593,3593,3593,3593,3593,3593,91.05091857910156,89.33504486083984,87.85284423828125,87.21512603759766,90.13394927978516,90.36127471923828,89.80516815185547,90.73723602294922,88.78778076171875,88.06248474121094,88.2176513671875,88.11167907714844,17125388288,4831838208,7757074432,0
197,1740666708730,59494.89872741699,3475,1,0.99375,7083.368667602539,3593,3593,3593,3593,3593,3593,3593,3593,3593,3593,3593,3593,91.07513427734375,90.41780090332031,87.64517211914063,87.75535583496094,90.53192901611328,90.5707778930664,90.37227630615234,90.53965759277344,88.67864227294922,89.0411605834961,88.44933319091797,88.33751678466797,17125388288,4831838208,7756886016,0
202,1740666708928,59496.57992553711,3600,1,1.06875,7096.81559753418,3593,3593,3593,3593,3593,3593,3593,3593,3593,3593,3593,3593,89.20349884033203,88.691162109375,86.24483489990234,85.30272674560547,88.94562530517578,89.43440246582031,89.21703338623047,88.77117156982422,87.62272644042969,86.3788833618164,86.40940856933594,86.56897735595703,17125388288,4831838208,7756689408,0
208,1740666709131,59498.30740356445,3525,1,1.0125000000000002,7110.946075439453,3593,3593,3593,3593,3593,3593,3593,3593,3593,3593,3593,3593,89.07166290283203,90.36701965332031,86.9311294555664,87.35557556152344,90.12298583984375,90.50875854492188,90.82183074951172,91.32624816894531,88.18834686279297,87.62582397460938,87.78123474121094,87.66004943847656,17125388288,4831838208,7756562432,0
200,1740666709340,59499.883224487305,3475,1,1.00625,7123.705383300781,3593,3593,3593,3593,3593,3593,3593,3593,3593,3593,3593,3593,90.08934020996094,88.76976013183594,86.33429718017578,86.233154296875,89.64691162109375,90.04206085205078,88.6063003540039,90.22553253173828,87.67611694335938,87.28459167480469,87.19132995605469,88.71859741210938,17125388288,4831838208,7757119488,0
203,1740666709541,59501.466705322266,3525,1,1.0437500000000002,7136.821197509766,3593,3593,3593,3593,3593,3593,3593,3593,3593,3593,3593,3593,88.88885498046875,89.88389587402344,86.40465545654297,86.1147689819336,89.86138916015625,89.33772277832031,89.36006927490234,89.77285766601563,88.15755462646484,87.93775939941406,87.21304321289063,87.88970947265625,17125388288,4831838208,7757041664,0
204,1740666709745,59503.25357055664,3525,1,1.01875,7151.3243408203125,3593,3593,3593,3593,3593,3593,3593,3593,3593,3593,3593,3593,90.22876739501953,90.69341278076172,87.8956527709961,88.04129791259766,90.64147186279297,89.99723052978516,90.47180938720703,90.96910095214844,89.25032043457031,88.51139831542969,86.8568344116211,87.49971008300781,17125388288,4831838208,7756906496,0
200,1740666709950,60963.408752441406,3500,1,1.00625,7163.940353393555,3593,3593,3593,3593,3593,3593,3593,3593,3593,3593,3593,3593,89.5253677368164,91.30118560791016,85.96488189697266,87.17483520507813,90.10599517822266,88.99729919433594,90.29891967773438,90.17235565185547,87.50992584228516,87.15411376953125,87.9627685546875,86.68476867675781,17125388288,4831838208,7756693504,0
200,1740666710150,59506.39694213867,3500,1,1.025,7176.932464599609,3593,3593,3593,3593,3593,3593,3593,3593,3593,3593,3593,3593,89.64054870605469,88.61901092529297,85.79820251464844,86.80987548828125,89.66417694091797,90.42460632324219,90.44731140136719,91.02052307128906,87.78186798095703,87.44941711425781,88.48042297363281,87.83960723876953,17125388288,4831838208,7756595200,0
203,1740666710350,59507.97065734863,3525,1,1.03125,7189.848678588867,3593,3593,3593,3593,3593,3593,3593,3593,3593,3593,3593,3593,89.21479797363281,89.54106903076172,86.08277130126953,86.55316162109375,89.34552764892578,90.18788146972656,90.1767578125,89.42884063720703,86.9158935546875,87.790283203125,87.50856018066406,86.87257385253906,17125388288,4831838208,7757074432,0
207,1740666710554,60968.269790649414,3550,1,1.05,7203.335540771484,3593,3593,3593,3593,3593,3593,3593,3593,3593,3593,3593,3593,89.89611053466797,88.02256774902344,86.59339904785156,86.78960418701172,89.98493957519531,91.55406951904297,90.24921417236328,89.39216613769531,87.47080993652344,87.46684265136719,87.78368377685547,87.73954010009766,17125388288,4831838208,7756955648,0
200,1740666710763,59511.315032958984,3475,1,1.00625,7217.111190795898,3593,3593,3593,3593,3593,3593,3593,3593,3593,3593,3593,3593,91.89813232421875,92.3909683227539,88.68152618408203,89.78691101074219,91.9619140625,91.24958038330078,91.08981323242188,92.35015869140625,90.1241683959961,90.91345977783203,89.75813293457031,89.61331176757813,17125388288,4831838208,7756738560,0
205,1740666710964,59512.95910644531,3575,1,1.0437500000000002,7230.625549316406,3593,3593,3593,3593,3593,3593,3593,3593,3593,3593,3593,3593,90.37118530273438,90.0243911743164,85.64000701904297,86.16482543945313,89.40381622314453,89.18708801269531,88.90143585205078,88.84307098388672,86.54527282714844,87.07559204101563,87.5411376953125,87.6657485961914,17125388288,4831838208,7756611584,0
210,1740666711169,51245.59846496582,3475,1,0.99375,7244.434555053711,3593,3593,3593,3593,3593,3593,3593,3593,3593,3593,3593,3593,89.47747802734375,89.97177124023438,86.99436950683594,87.14583587646484,88.74665832519531,91.3777847290039,90.3503189086914,90.21436309814453,87.96563720703125,87.79670715332031,88.37691497802734,87.73851013183594,17125388288,4831838208,7756492800,0
200,1740666711379,59516.26448059082,3500,1,1.0125000000000002,7257.647964477539,3593,3593,3593,3593,3593,3593,3593,3593,3593,3593,3593,3593,90.79833221435547,89.39005279541016,85.966796875,86.84796142578125,90.50951385498047,89.2565689086914,89.98509216308594,92.11520385742188,87.87776184082031,88.0982666015625,88.13665771484375,88.23314666748047,17125388288,4831838208,7756853248,0
203,1740666711580,60976.60249328613,3525,1,1.0437500000000002,7270.514297485352,3593,3593,3593,3593,3593,3593,3593,3593,3593,3593,3593,3593,88.86468505859375,88.72235107421875,85.62545776367188,85.130615234375,88.37606048583984,88.85784912109375,88.71443176269531,89.15876770019531,87.16989135742188,87.91410827636719,86.98825073242188,87.12513732910156,17125388288,4831838208,7756636160,0
210,1740666711784,60978.3874206543,3500,1,1.00625,7284.697769165039,3593,3593,3593,3593,3593,3593,3593,3593,3593,3593,3593,3593,90.7838134765625,90.96218872070313,88.29234313964844,89.18519592285156,91.3187484741211,90.77010345458984,90.99552154541016,91.50886535644531,89.72506713867188,90.23995208740234,88.69068908691406,89.86048126220703,17125388288,4831838208,7756513280,0
200,1740666711994,59521.14659118652,3475,1,1.0125000000000002,7297.770538330078,3593,3593,3593,3593,3593,3593,3593,3593,3593,3593,3593,3593,89.4010238647461,90.40232849121094,86.5468521118164,86.91032409667969,90.40955352783203,89.89305114746094,89.4220199584961,90.45001220703125,88.43474578857422,88.12059020996094,88.13574981689453,88.27864074707031,17125388288,4831838208,7756361728,0
204,1740666712194,60981.65997314453,3550,1,1.025,7311.163070678711,3593,3593,3593,3593,3593,3593,3593,3593,3593,3593,3593,3593,88.80242919921875,89.17832946777344,85.89517211914063,85.6387710571289,89.31678009033203,90.5559310913086,89.24188232421875,89.85247802734375,87.91917419433594,88.11007690429688,86.92156982421875,87.1490249633789,17125388288,4831838208,7756275712,0
202,1740666712399,59524.42218017578,3500,1,1.00625,7325.012847900391,3593,3593,3593,3593,3593,3593,3593,3593,3593,3593,3593,3593,90.2347183227539,91.30178833007813,86.9993896484375,86.36827850341797,89.74026489257813,90.43609619140625,90.28619384765625,90.2181167602539,87.707763671875,88.03947448730469,87.67414855957031,88.60476684570313,17125388288,4831838208,7756644352,0
202,1740666712602,59525.95324707031,3500,1,1.00625,7337.7222900390625,3593,3593,3593,3593,3593,3593,3593,3593,3593,3593,3593,3593,89.5843276977539,92.11643981933594,86.85665893554688,86.58171081542969,90.30992126464844,89.21874237060547,89.3536148071289,90.28427124023438,87.77249908447266,87.3083267211914,88.10116577148438,87.22390747070313,17125388288,4831838208,7756529664,0
199,1740666712804,47671.188079833984,3450,1,0.99375,7350.568603515625,3593,3593,3593,3593,3593,3593,3593,3593,3593,3593,3593,3593,90.01953887939453,90.30340576171875,86.899658203125,86.21576690673828,90.31596374511719,89.74028778076172,89.86761474609375,90.19923400878906,88.41526794433594,88.08873748779297,88.1007308959961,87.92088317871094,17125388288,4831838208,7756447744,0
203,1740666713004,59529.05000305176,3550,1,1.05625,7363.734848022461,3593,3593,3593,3593,3593,3593,3593,3593,3593,3593,3593,3593,89.8125228881836,91.58467864990234,87.43031311035156,87.26764678955078,90.46194458007813,90.25641632080078,90.13616943359375,89.94947814941406,88.48104858398438,88.92202758789063,87.46575927734375,87.83642578125,17125388288,4831838208,7756279808,0
207,1740666713207,60989.869079589844,3475,1,1,7377.820007324219,3593,3593,3593,3593,3593,3593,3593,3593,3593,3593,3593,3593,89.62596893310547,90.05987548828125,86.81580352783203,85.94111633300781,90.36536407470703,88.4271011352539,90.27780151367188,91.105712890625,87.73023986816406,86.85664367675781,87.7947998046875,88.25216674804688,17125388288,4831838208,7756161024,0
200,1740666713415,59532.28726196289,3450,1,0.9875,7390.540496826172,3593,3593,3593,3593,3593,3593,3593,3593,3593,3593,3593,3593,90.41449737548828,89.22030639648438,87.22127532958984,87.17127990722656,90.11637878417969,89.66552734375,91.3603515625,91.46939086914063,88.45024871826172,89.1209487915039,88.96681213378906,87.8448486328125,17125388288,4831838208,7756963840,0
199,1740666713616,51265.14680480957,3575,1,1.05,7403.450424194336,3593,3593,3593,3593,3593,3593,3593,3593,3593,3593,3593,3593,89.76836395263672,89.37299346923828,86.79026794433594,86.5211181640625,89.11211395263672,88.98487091064453,89.79792785644531,90.78072357177734,87.3849868774414,88.4986572265625,87.88529968261719,87.62135314941406,17125388288,4831838208,7756845056,0
200,1740666713816,60994.610427856445,3550,1,1.025,7416.538269042969,3593,3593,3593,3593,3593,3593,3593,3593,3593,3593,3593,3593,89.87750244140625,90.20112609863281,87.0982894897461,87.16395568847656,90.25885772705078,90.35796356201172,89.70574188232422,89.40734100341797,87.82242584228516,87.103515625,88.63483428955078,88.97550201416016,17125388288,4831838208,7756726272,0
208,1740666714017,59536.95837402344,3525,1,1.025,7429.434371948242,3593,3593,3593,3593,3593,3593,3593,3593,3593,3593,3593,3593,88.45728302001953,90.40478515625,86.72086334228516,86.55769348144531,88.95770263671875,88.44744110107422,89.64806365966797,90.146240234375,87.27903747558594,88.75145721435547,86.8427963256836,88.12548828125,17125388288,4831838208,7756537856,0
200,1740666714226,49264.92556762695,3475,1,0.99375,7443.06672668457,3593,3593,3593,3593,3593,3593,3593,3593,3593,3593,3593,3593,89.83745574951172,92.16885375976563,88.71821594238281,89.03934478759766,92.131103515625,91.52908325195313,91.15879821777344,91.55647277832031,89.75532531738281,89.56204986572266,89.32791900634766,88.93707275390625,17125388288,4831838208,7756423168,0
200,1740666714427,59540.186920166016,3525,1,1.01875,7456.116851806641,3593,3593,3593,3593,3593,3593,3593,3593,3593,3593,3593,3593,88.53964233398438,88.24668884277344,86.03833770751953,86.13626098632813,88.80642700195313,91.96559143066406,89.03105163574219,88.81588745117188,87.04288482666016,87.28205108642578,86.52924346923828,86.83306121826172,17125388288,4831838208,7756931072,0
203,1740666714627,59541.799087524414,3575,1,1.0437500000000002,7469.335388183594,3593,3593,3593,3593,3593,3593,3593,3593,3593,3593,3593,3593,89.99838256835938,88.07804870605469,86.66863250732422,86.43941497802734,90.83222961425781,90.96371459960938,88.9571533203125,90.03621673583984,87.29833221435547,87.272216796875,87.05754852294922,88.1082992553711,17125388288,4831838208,7756836864,0
203,1740666714831,51274.87275695801,3475,1,1,7483.369583129883,3593,3593,3593,3593,3593,3593,3593,3593,3593,3593,3593,3593,90.40054321289063,89.39611053466797,87.59651184082031,87.71549987792969,90.70879364013672,91.20557403564453,90.46652221679688,90.97206115722656,89.18033599853516,88.88595581054688,88.49132537841797,88.23020935058594,17125388288,4831838208,7756722176,0
203,1740666715034,47688.298599243164,3450,1,0.9875,7495.887390136719,3593,3593,3593,3593,3593,3593,3593,3593,3593,3593,3593,3593,88.94949340820313,90.5064697265625,86.85738372802734,86.2179183959961,89.29902648925781,88.99498748779297,89.4913101196289,88.863525390625,87.1847915649414,88.42942810058594,88.09965515136719,86.77481079101563,17125388288,4831838208,7756550144,0
200,1740666715238,59546.53172302246,3425,1,0.9812500000000001,7508.50422668457,3593,3593,3593,3593,3593,3593,3593,3593,3593,3593,3593,3593,90.49968719482422,90.44574737548828,86.7750015258789,86.19215393066406,88.73933410644531,89.90796661376953,89.32806396484375,90.69835662841797,87.39041137695313,87.61772918701172,87.12650299072266,87.64188385009766,17125388288,4831838208,7756435456,0
201,1740666715438,61007.53074645996,3525,1,1.025,7521.920425415039,3593,3593,3593,3593,3593,3593,3593,3593,3593,3593,3593,3593,89.69282531738281,91.23844909667969,86.6751708984375,86.38204956054688,90.35914611816406,89.74214935302734,90.33843231201172,89.22773742675781,88.01545715332031,87.0543212890625,87.66471862792969,87.44438171386719,17125388288,4831838208,7756886016,0
200,1740666715640,59549.63018798828,3525,1,1.025,7534.5318603515625,3593,3593,3593,3593,3593,3593,3593,3593,3593,3593,3593,3593,90.20223236083984,91.14839935302734,87.26211547851563,86.7326889038086,90.62544250488281,90.10905456542969,90.2676773071289,89.90960693359375,88.48822784423828,87.57693481445313,87.9368667602539,88.48020935058594,17125388288,4831838208,7756242944,0
210,1740666715840,59551.29963684082,3475,1,0.99375,7548.463577270508,3593,3593,3593,3593,3593,3593,3593,3593,3593,3593,3593,3593,89.54076385498047,88.08123779296875,86.1728286743164,85.60778045654297,89.06483459472656,89.47386169433594,89.76971435546875,88.20692443847656,87.46139526367188,86.7863540649414,87.81781768798828,86.91880798339844,17125388288,4831838208,7756128256,0
200,1740666716051,59552.82946777344,3525,1,1.025,7561.29411315918,3593,3593,3593,3593,3593,3593,3593,3593,3593,3593,3593,3593,89.70614624023438,90.4598159790039,87.23805236816406,86.44498443603516,89.49115753173828,91.27128601074219,90.87767028808594,89.30086517333984,88.11412811279297,88.00785064697266,88.83301544189453,86.48037719726563,17125388288,4831838208,7755960320,0
204,1740666716251,61013.89512634277,3525,1,1.0437500000000002,7574.0728759765625,3593,3593,3593,3593,3593,3593,3593,3593,3593,3593,3593,3593,89.80506134033203,89.4858169555664,86.23556518554688,85.726806640625,89.72736358642578,90.04985809326172,89.30768585205078,90.2907943725586,88.31140899658203,87.81983184814453,86.72816467285156,86.0442123413086,17125388288,4831838208,7756500992,0
211,1740666716455,51287.668045043945,3475,1,1.00625,7588.160751342773,3593,3593,3593,3593,3593,3593,3593,3593,3593,3593,3593,3593,92.64076232910156,88.97881317138672,87.35951232910156,87.62623596191406,91.01402282714844,89.70980834960938,90.95252990722656,89.81626892089844,88.99441528320313,88.32646179199219,88.63878631591797,88.00806427001953,17125388288,4831838208,7756369920,0
200,1740666716667,51289.21711730957,3475,1,1.00625,7601.140487670898,3593,3593,3593,3593,3593,3593,3593,3593,3593,3593,3593,3593,92.49781799316406,89.03065490722656,87.41703796386719,87.5718002319336,91.08930969238281,89.485595703125,91.38097381591797,89.35675811767578,88.98456573486328,88.51350402832031,88.4949722290039,87.67784881591797,17125388288,4831838208,7755988992,0
200,1740666716868,51290.82098388672,3550,1,1.025,7614.255462646484,3593,3593,3593,3593,3593,3593,3593,3593,3593,3593,3593,3593,93.02755737304688,89.29768371582031,88.01990509033203,87.56218719482422,90.9581527709961,89.54814147949219,91.25528717041016,89.8355941772461,88.39640808105469,88.54307556152344,88.36027526855469,88.78715515136719,17125388288,4831838208,7755718656,0
201,1740666717068,59560.649337768555,3550,1,1.025,7626.831756591797,3593,3593,3593,3593,3593,3593,3593,3593,3593,3593,3593,3593,92.28103637695313,88.58496856689453,87.3991928100586,87.38102722167969,91.17657470703125,89.14492797851563,90.92279815673828,88.65837097167969,88.29942321777344,88.001708984375,88.6253662109375,88.42938995361328,17125388288,4831838208,7755595776,0
204,1740666717270,59562.342712402344,3475,1,1.0125000000000002,7640.904235839844,3593,3593,3593,3593,3593,3593,3593,3593,3593,3593,3593,3593,90.24235534667969,87.12747955322266,86.50373840332031,86.71759796142578,88.98515319824219,88.50076293945313,88.7829360961914,89.25182342529297,87.3072738647461,86.81954193115234,86.30648040771484,84.87449645996094,17125388288,4831838208,7756218368,0
202,1740666717474,59563.84928894043,3500,1,1.00625,7653.459442138672,3593,3593,3593,3593,3593,3593,3593,3593,3593,3593,3593,3593,92.930419921875,88.54755401611328,86.50955963134766,86.3455810546875,90.02901458740234,89.23151397705078,90.8087158203125,89.24491882324219,87.77262115478516,87.8281478881836,88.88532257080078,87.9059829711914,17125388288,4831838208,7756062720,0
200,1740666717677,59565.36863708496,3475,1,1,7666.308395385742,3593,3593,3593,3593,3593,3593,3593,3593,3593,3593,3593,3593,92.0479507446289,88.79949188232422,86.63526153564453,86.76531219482422,89.08187866210938,89.17401123046875,91.61006927490234,89.2743911743164,88.48210144042969,87.818359375,87.5665512084961,87.13198852539063,17125388288,4831838208,7755898880,0
203,1740666717878,59566.967056274414,3550,1,1.05625,7679.463073730469,3593,3593,3593,3593,3593,3593,3593,3593,3593,3593,3593,3593,91.27666473388672,87.99661254882813,86.5087661743164,86.32860565185547,90.13785552978516,88.52122497558594,91.89141845703125,87.02423095703125,87.68257141113281,87.28201293945313,88.15484619140625,86.25170135498047,17125388288,4831838208,7755780096,0
205,1740666718082,59568.611099243164,3450,1,0.9812500000000001,7693.319610595703,3593,3593,3593,3593,3593,3593,3593,3593,3593,3593,3593,3593,91.87644958496094,88.36279296875,87.26856994628906,87.44835662841797,91.08076477050781,89.96495056152344,90.94806671142578,90.41433715820313,88.78841400146484,87.80716705322266,88.04478454589844,88.02953338623047,17125388288,4831838208,7755665408,0
200,1740666718287,51301.9354095459,3450,1,0.9812500000000001,7705.8594970703125,3593,3593,3593,3593,3593,3593,3593,3593,3593,3593,3593,3593,92.79144287109375,88.99014282226563,86.65354919433594,86.66169738769531,89.70416259765625,88.82689666748047,90.02754974365234,88.8990249633789,88.27486419677734,88.04259490966797,87.61661529541016,87.83058166503906,17125388288,4831838208,7756222464,0
200,1740666718488,59571.61099243164,3450,1,0.99375,7718.569778442383,3593,3593,3593,3593,3593,3593,3593,3593,3593,3593,3593,3593,91.93036651611328,87.31258392333984,87.37289428710938,87.0275650024414,91.04685974121094,89.3546142578125,89.8118896484375,89.99337768554688,88.27561950683594,88.14262390136719,88.74263763427734,87.37471771240234,17125388288,4831838208,7756050432,0
205,1740666718688,59573.156326293945,3525,1,1.0437500000000002,7731.686325073242,3593,3593,3593,3593,3593,3593,3593,3593,3593,3593,3593,3593,92.24397277832031,87.76605224609375,86.33026123046875,86.66468811035156,91.84004211425781,88.92667388916016,89.09210968017578,88.92280578613281,88.9586181640625,87.73406219482422,86.93436431884766,87.1990966796875,17125388288,4831838208,7755927552,0
211,1740666718894,61034.788986206055,3450,1,0.9812500000000001,7745.51286315918,3593,3593,3593,3593,3593,3593,3593,3593,3593,3593,3593,3593,91.20946502685547,88.99156951904297,86.3853759765625,86.45601654052734,90.34607696533203,89.59243774414063,91.01712036132813,89.06908416748047,89.26667022705078,87.48152160644531,87.54804992675781,86.60873413085938,17125388288,4831838208,7755829248,0
200,1740666719105,59576.32046508789,3450,1,0.99375,7758.173721313477,3593,3593,3593,3593,3593,3593,3593,3593,3593,3593,3593,3593,92.44541931152344,88.09296417236328,86.69924926757813,87.0501480102539,89.5641098022461,89.21629333496094,91.36007690429688,88.93280029296875,89.17829895019531,87.64273834228516,87.63440704345703,87.75028991699219,17125388288,4831838208,7755747328,0
204,1740666719306,59577.79473876953,3600,1,1.06875,7770.764602661133,3593,3593,3593,3593,3593,3593,3593,3593,3593,3593,3593,3593,92.45964050292969,88.84447479248047,86.76575469970703,86.70130157470703,90.59822082519531,88.72795104980469,90.64562225341797,89.92317199707031,88.30384063720703,87.31434631347656,87.82233428955078,87.37183380126953,17125388288,4831838208,7756197888,0
203,1740666719511,59579.51615905762,3475,1,1,7785.089172363281,3593,3593,3593,3593,3593,3593,3593,3593,3593,3593,3593,3593,92.94693756103516,89.16220092773438,87.55148315429688,86.8874282836914,89.82601165771484,89.56494140625,92.13443756103516,88.93335723876953,88.96068572998047,87.47232055664063,88.08863830566406,87.9783935546875,17125388288,4831838208,7756013568,0
202,1740666719715,49126.44093322754,3475,1,1,7797.372406005859,3593,3593,3593,3593,3593,3593,3593,3593,3593,3593,3593,3593,92.46063232421875,87.9087142944336,87.22942352294922,87.14303588867188,91.28340148925781,88.81291961669922,90.44515991210938,89.24052429199219,88.4091567993164,87.35457611083984,87.61489868164063,86.61902618408203,17125388288,4831838208,7755894784,0
197,1740666719920,59582.52592468262,3425,1,0.9875,7810.372497558594,3593,3593,3593,3593,3593,3593,3593,3593,3593,3593,3593,3593,91.29917907714844,87.7576675415039,87.30035400390625,87.63063049316406,90.3069839477539,88.97664642333984,89.3278579711914,90.22581481933594,86.95709991455078,87.7162094116211,88.9329833984375,86.84744262695313,17125388288,4831838208,7755534336,0
200,1740666720118,61044.17010498047,3500,1,1.0125000000000002,7823.443359375,3593,3593,3593,3593,3593,3593,3593,3593,3593,3593,3593,3593,92.22892761230469,88.41230773925781,87.47879028320313,87.89063262939453,89.76704406738281,90.59795379638672,92.91374969482422,89.74336242675781,90.12572479248047,88.6688461303711,88.0068359375,88.12782287597656,17125388288,4831838208,7755886592,0
202,1740666720318,47727.95600891113,3575,1,1.0437500000000002,7835.895416259766,3593,3593,3593,3593,3593,3593,3593,3593,3593,3593,3593,3593,91.96270751953125,88.41648864746094,86.68814849853516,86.60176086425781,90.0081787109375,89.02944946289063,91.61376190185547,88.66159057617188,88.669921875,88.11278533935547,88.10655212402344,87.50019073486328,17125388288,4831838208,7756783616,0
201,1740666720520,49132.76022338867,3425,1,0.96875,7849.5843505859375,3593,3593,3593,3593,3593,3593,3593,3593,3593,3593,3593,3593,91.06265258789063,87.70951843261719,86.3945541381836,86.75440216064453,90.1197738647461,89.7332992553711,91.58617401123047,89.07714080810547,89.43405151367188,87.94410705566406,87.8133316040039,87.48382568359375,17125388288,4831838208,7756574720,0
207,1740666720722,59588.64923095703,3450,1,0.9875,7862.246063232422,3593,3593,3593,3593,3593,3593,3593,3593,3593,3593,3593,3593,91.86939239501953,88.49951171875,87.17743682861328,87.3421630859375,91.32221984863281,89.63860321044922,91.23151397705078,89.77044677734375,88.84686279296875,88.04971313476563,87.34162902832031,88.12135314941406,17125388288,4831838208,7756738560,0
200,1740666720930,59590.142150878906,3500,1,1.00625,7874.974624633789,3593,3593,3593,3593,3593,3593,3593,3593,3593,3593,3593,3593,92.08595275878906,87.81909942626953,86.33757019042969,86.47555541992188,90.25228118896484,89.48982238769531,89.28804016113281,89.05398559570313,88.629150390625,87.86862182617188,87.93937683105469,86.29019165039063,17125388288,4831838208,7756660736,0
206,1740666721131,51323.81271362305,3550,1,1.025,7888.048324584961,3593,3593,3593,3593,3593,3593,3593,3593,3593,3593,3593,3593,93.03751373291016,87.66058349609375,86.35406494140625,86.19322204589844,90.54840087890625,88.23259735107422,88.97041320800781,89.37663269042969,87.97991943359375,87.96919250488281,87.09234619140625,86.1026611328125,17125388288,4831838208,7754846208,0
200,1740666721337,59593.3323059082,3450,1,0.975,7901.818298339844,3593,3593,3593,3593,3593,3593,3593,3593,3593,3593,3593,3593,92.72327423095703,89.04246520996094,86.80908203125,87.40283203125,90.72499084472656,88.65550231933594,90.48082733154297,88.78833770751953,88.04997253417969,87.9591064453125,87.82000732421875,88.03976440429688,17125388288,4831838208,7756267520,0
205,1740666721538,49323.238540649414,3450,1,0.9875,7914.348892211914,3593,3593,3593,3593,3593,3593,3593,3593,3593,3593,3593,3593,92.35157775878906,88.51853942871094,86.88066101074219,87.52330017089844,90.36376190185547,89.42227935791016,91.07998657226563,89.84270477294922,89.36048126220703,88.77127838134766,88.63768768310547,88.19200897216797,17125388288,4831838208,7756099584,0
200,1740666721743,59596.28761291504,3475,1,0.99375,7926.959259033203,3593,3593,3593,3593,3593,3593,3593,3593,3593,3593,3593,3593,89.25897979736328,90.56181335449219,85.77413177490234,85.4104232788086,90.4460220336914,88.70996856689453,89.80338287353516,88.28564453125,86.6641845703125,86.02387237548828,85.65022277832031,86.5740737915039,17125388288,4831838208,7756230656,0
202,1740666721944,59597.77247619629,3425,1,0.9875,7939.535949707031,3593,3593,3593,3593,3593,3593,3593,3593,3593,3593,3593,3593,91.10176086425781,89.142822265625,87.22403717041016,87.63298034667969,92.15742492675781,89.5473403930664,92.03536224365234,90.68678283691406,88.98881530761719,89.01593017578125,88.91372680664063,87.82038879394531,17125388288,4831838208,7756148736,0
200,1740666722147,61059.68132019043,3400,1,0.975,7952.476104736328,3593,3593,3593,3593,3593,3593,3593,3593,3593,3593,3593,3593,89.6948471069336,86.09602355957031,83.57447052001953,84.95652770996094,91.95487976074219,86.95790100097656,87.92896270751953,87.30198669433594,85.85450744628906,86.26485443115234,85.45501708984375,89.07478332519531,17125388288,4831838208,7756283904,0
200,1740666722347,59600.81147766113,3425,1,0.975,7965.099990844727,3593,3593,3593,3593,3593,3593,3593,3593,3593,3593,3593,3593,91.61314392089844,87.20278930664063,85.7998046875,85.41481018066406,91.34203338623047,88.501953125,89.7818832397461,88.76274108886719,87.48483276367188,87.43284606933594,87.3973159790039,85.77925872802734,17125388288,4831838208,7756406784,0
200,1740666722548,47744.38148498535,3500,1,1.0125000000000002,7978.115997314453,3593,3593,3593,3593,3593,3593,3593,3593,3593,3593,3593,3593,92.45988464355469,87.80967712402344,87.17647552490234,87.61966705322266,91.0088882446289,89.28705596923828,92.02305603027344,89.52761840820313,88.58722686767578,87.76579284667969,88.85767364501953,87.91767883300781,17125388288,4831838208,7756378112,0
200,1740666722748,59603.223892211914,3900,0,1.19375,7989.285461425781,3593,3593,3593,3593,3593,3593,3593,3593,3593,3593,3593,3593,20.939369201660156,19.872520446777344,17.812843322753906,17.97357177734375,21.31970977783203,19.48187255859375,96.55769348144531,19.76081085205078,18.532264709472656,18.656166076660156,18.607704162597656,18.325363159179688,17125388288,4831838208,7786418176,0
199,1740666722948,61066.44174194336,3475,1,0.9875,8002.16340637207,3593,3593,3593,3593,3593,3593,3593,3593,3593,3593,3593,3593,85.33050537109375,82.31560516357422,80.0899658203125,81.18397521972656,84.35304260253906,82.7010269165039,87.89847564697266,82.30276489257813,81.82138061523438,81.73824310302734,80.92510223388672,80.74562072753906,17125388288,4831838208,7786385408,0
206,1740666723149,61067.95622253418,3450,1,0.9812500000000001,8014.702819824219,3593,3593,3593,3593,3593,3593,3593,3593,3593,3593,3593,3593,84.5218276977539,82.49105072021484,80.313232421875,80.66637420654297,85.3354263305664,83.0855484008789,87.48135375976563,83.217529296875,83.62760925292969,81.93763732910156,81.80271911621094,80.87690734863281,17125388288,4831838208,7786360832,0
200,1740666723355,59607.82099914551,3450,1,0.9875,8027.964920043945,3593,3593,3593,3593,3593,3593,3593,3593,3593,3593,3593,3593,83.44088745117188,81.9777603149414,79.27581787109375,80.2928466796875,85.89568328857422,82.14756774902344,86.20398712158203,82.90101623535156,81.22696685791016,80.60570526123047,80.33281707763672,80.12864685058594,17125388288,4831838208,7786663936,0
200,1740666723556,61071.084869384766,3475,1,1,8040.600051879883,3593,3593,3593,3593,3593,3593,3593,3593,3593,3593,3593,3593,85.47614288330078,82.09619140625,80.0959701538086,79.55888366699219,88.30762481689453,83.01348876953125,85.16497039794922,82.66413879394531,82.828125,81.65740966796875,81.50542449951172,80.569580078125,17125388288,4831838208,7786696704,0
206,1740666723756,51343.18281555176,3450,1,0.9875,8053.131866455078,3593,3593,3593,3593,3593,3593,3593,3593,3593,3593,3593,3593,85.45638275146484,81.86540985107422,80.12504577636719,79.66363525390625,86.74679565429688,82.44212341308594,86.41624450683594,82.76007080078125,82.9586181640625,81.40795135498047,81.87651824951172,80.47019958496094,17125388288,4831838208,7786696704,0
200,1740666723963,59612.373779296875,3475,1,0.9875,8066.399368286133,3593,3593,3593,3593,3593,3593,3593,3593,3593,3593,3593,3593,84.46792602539063,81.92778015136719,80.10629272460938,79.93926239013672,86.83411407470703,81.59501647949219,84.8287582397461,83.02506256103516,84.7621841430664,81.72908782958984,82.11102294921875,80.19027709960938,17125388288,4831838208,7786696704,0
199,1740666724164,59613.858810424805,3425,1,0.99375,8079.050384521484,3593,3593,3593,3593,3593,3593,3593,3593,3593,3593,3593,3593,84.35164642333984,81.6500244140625,80.15299987792969,79.18648529052734,87.76045989990234,81.529541015625,84.18061065673828,82.64918518066406,86.74652099609375,81.23994445800781,81.44493103027344,80.28311920166016,17125388288,4831838208,7786692608,0
202,1740666724364,61077.071060180664,3975,0,1.3,8090.842300415039,3593,3593,3593,3593,3593,3593,3593,3593,3593,3593,3593,3593,62.312591552734375,57.13257598876953,55.498165130615234,55.38751983642578,79.17235565185547,58.42527770996094,72.89268493652344,58.963462829589844,63.396793365478516,57.93113327026367,56.45100402832031,56.16347122192383,17125388288,4831838208,7609425920,0
200,1740666724567,59617.06788635254,3550,1,1.0125000000000002,8103.866516113281,3593,3593,3593,3593,3593,3593,3593,3593,3593,3593,3593,3593,67.71174621582031,65.35978698730469,61.54316329956055,61.818199157714844,82.77143859863281,64.66441345214844,66.65531921386719,67.31073760986328,68.95410919189453,63.382930755615234,62.848812103271484,62.6058235168457,17125388288,4831838208,7601938432,0
200,1740666724767,59618.58532714844,3525,1,1.0125000000000002,8116.629577636719,3593,3593,3593,3593,3593,3593,3593,3593,3593,3593,3593,3593,79.33924865722656,74.36393737792969,71.4398193359375,71.11985778808594,78.54839324951172,75.63633728027344,78.19120788574219,77.72967529296875,80.09408569335938,74.2701416015625,72.92973327636719,72.5858383178711,17125388288,4831838208,7601815552,0
200,1740666724968,59620.097564697266,3525,1,1.0125000000000002,8129.290313720703,3593,3593,3593,3593,3593,3593,3593,3593,3593,3593,3593,3593,80.36334991455078,74.1038589477539,71.61446380615234,71.29898834228516,79.5320053100586,75.06944274902344,76.99142456054688,76.84860229492188,79.50176239013672,73.41415405273438,72.72016906738281,72.48759460449219,17125388288,4831838208,7601811456,0
201,1740666725168,59621.619537353516,3500,1,1.0125000000000002,8141.996963500977,3593,3593,3593,3593,3593,3593,3593,3593,3593,3593,3593,3593,78.53743743896484,74.97763061523438,72.05720520019531,71.7080078125,80.25865173339844,75.81086730957031,77.60990142822266,77.14874267578125,80.12102508544922,74.27799987792969,73.54833984375,73.01372528076172,17125388288,4831838208,7601811456,0
200,1740666725370,59623.121994018555,3475,1,0.9875,8154.666351318359,3593,3593,3593,3593,3593,3593,3593,3593,3593,3593,3593,3593,79.51521301269531,74.4495849609375,71.16531372070313,71.12269592285156,78.20492553710938,74.68519592285156,77.48954772949219,76.26971435546875,77.72843170166016,73.7225341796875,71.80611419677734,72.34852600097656,17125388288,4831838208,7601303552,0
201,1740666725571,59624.640045166016,3500,1,1,8167.422317504883,3593,3593,3593,3593,3593,3593,3593,3593,3593,3593,3593,3593,79.51341247558594,75.07186126708984,71.11348724365234,71.49044799804688,78.8463134765625,75.87097930908203,77.46318817138672,77.4850082397461,79.93242645263672,73.94464874267578,72.76233673095703,72.86141967773438,17125388288,4831838208,7601291264,0
200,1740666725772,59626.1471862793,3525,1,1.025,8180.114883422852,3593,3593,3593,3593,3593,3593,3593,3593,3593,3593,3593,3593,78.92147064208984,74.74850463867188,71.45255279541016,72.15296936035156,78.55706787109375,75.5489273071289,77.5597152709961,78.2912368774414,80.93766021728516,74.25627136230469,73.6231689453125,73.24736022949219,17125388288,4831838208,7601315840,0
200,1740666725973,59627.64599609375,3525,1,1.0125000000000002,8192.767776489258,3593,3593,3593,3593,3593,3593,3593,3593,3593,3593,3593,3593,80.573486328125,74.3152084350586,71.33413696289063,71.05665588378906,78.21149444580078,76.27996063232422,77.94456481933594,76.28485107421875,78.88055419921875,73.99443054199219,72.90963745117188,72.60276794433594,17125388288,4831838208,7601315840,0
199,1740666726173,61090.872817993164,3975,0,1.29375,8205.071411132813,3593,3593,3593,3593,3593,3593,3593,3593,3593,3593,3593,3593,64.87734985351563,60.29108810424805,57.61069869995117,56.935977935791016,64.9328842163086,69.58599853515625,71.36215209960938,63.15068817138672,74.35884857177734,59.22813415527344,57.956356048583984,57.79200744628906,17125388288,4831838208,7279644672,0
200,1740666726373,59629.599044799805,4000,0,1.075,8213.509185791016,3593,3593,3593,3593,3593,3593,3593,3593,3593,3593,3593,3593,3.3173904418945313,2.2122726440429688,1.8577880859375,1.8506011962890625,3.2957916259765625,8.649421691894531,3.0198822021484375,2.6238327026367188,3.8712387084960938,1.9883804321289063,2.0259857177734375,1.8497085571289063,17125388288,4831838208,7131557888,0
200,1740666726574,59629.82179260254,4000,0,1.30625,8219.451843261719,3593,3593,3593,3593,3593,3593,3593,3593,3593,3593,3593,3593,0,0,0,0,0.316558837890625,0,0,0,0,0,0,0,17125388288,4831838208,7131557888,0
200,1740666726774,59629.85548400879,4000,0,1.3125,8222.727096557617,3593,3593,3593,3593,3593,3593,3593,3593,3593,3593,3593,3593,0.8193588256835938,0.06320953369140625,0.02173614501953125,0.12532806396484375,1.1939926147460938,0.2549896240234375,0.2967681884765625,0.6159133911132813,0.059326171875,0.13988494873046875,0.04506683349609375,0.02213287353515625,17125388288,4831838208,7131361280,0
200,1740666726975,59629.8868560791,4000,0,1.30625,8226.021743774414,3593,3593,3593,3593,3593,3593,3593,3593,3593,3593,3593,3593,0.10620880126953125,0.312255859375,0.06122589111328125,0.0970458984375,1.2933731079101563,0.14003753662109375,0.3849945068359375,0.740997314453125,0.13286590576171875,0.08225250244140625,0.11124420166015625,0.083343505859375,17125388288,4831838208,7131213824,0
200,1740666727176,59629.92475891113,4000,0,1.30625,8229.292282104492,3593,3593,3593,3593,3593,3593,3593,3593,3593,3593,3593,3593,0.1723480224609375,0.09949493408203125,0.0340576171875,0.067626953125,1.315826416015625,0.02967071533203125,0.27054595947265625,0.7195281982421875,0.06233978271484375,0.13260650634765625,0.057098388671875,0.0340118408203125,17125388288,4831838208,7131213824,0
200,1740666727376,59630.01516723633,4000,0,1.30625,8233.014404296875,3593,3593,3593,3593,3593,3593,3593,3593,3593,3593,3593,3593,0.22252655029296875,0.08670806884765625,0.06429290771484375,0.0941314697265625,1.4044189453125,0.06031036376953125,0.6352005004882813,0.1991119384765625,0.837799072265625,0.1152496337890625,0.11405181884765625,0.0395965576171875,17125388288,4831838208,7130923008,0
200,1740666727577,59630.186950683594,4000,0,1.30625,8237.34733581543,3593,3593,3593,3593,3593,3593,3593,3593,3593,3593,3593,3593,0.672882080078125,0.118743896484375,0.02138519287109375,0.08000946044921875,1.3958587646484375,0.16963958740234375,0.8360443115234375,0.16420745849609375,0.08937835693359375,0.18878173828125,0.083648681640625,0.021484375,17125388288,4831838208,7129325568,0
200,1740666727778,59630.289459228516,4000,0,1.30625,8241.242279052734,3593,3593,3593,3593,3593,3593,3593,3593,3593,3593,3593,3593,0.260284423828125,0.313079833984375,0.04125213623046875,0.0920562744140625,1.2593307495117188,0.10329437255859375,0.6374053955078125,0.09394073486328125,0.24993896484375,0.1580810546875,0.057220458984375,0.11822509765625,17125388288,4831838208,7129325568,0
200,1740666727978,59630.34475708008,4000,0,1.3,8244.67593383789,3593,3593,3593,3593,3593,3593,3593,3593,3593,3593,3593,3593,0.11881256103515625,0.39820098876953125,0.03122711181640625,0.07317352294921875,1.2924118041992188,0.04419708251953125,0.6166229248046875,0.15009307861328125,0.29145050048828125,0.103851318359375,0.0634002685546875,0.0313262939453125,17125388288,4831838208,7129325568,0
200,1740666728179,59630.41506958008,4000,0,1.3,8248.264541625977,3593,3593,3593,3593,3593,3593,3593,3593,3593,3593,3593,3593,0.15184783935546875,0.06085968017578125,0.01267242431640625,0.09607696533203125,1.26458740234375,0.0439453125,0.31097412109375,0.6962661743164063,0.04235076904296875,0.08071136474609375,0.0449981689453125,0.012969970703125,17125388288,4831838208,7129325568,0
200,1740666728379,59630.44300842285,4000,0,1.30625,8251.533386230469,3593,3593,3593,3593,3593,3593,3593,3593,3593,3593,3593,3593,0.14740753173828125,0.18753814697265625,0.2167510986328125,0.04107666015625,1.3323211669921875,0.1155548095703125,0.36620330810546875,0.7204513549804688,0.10832977294921875,0.8000640869140625,0.064056396484375,0.10149383544921875,17125388288,4831838208,7129128960,0
200,1740666728580,59630.47610473633,4000,0,1.30625,8254.809585571289,3593,3593,3593,3593,3593,3593,3593,3593,3593,3593,3593,3593,0.1431732177734375,0.1162872314453125,0.0677032470703125,0.036041259765625,1.2467880249023438,0.1130523681640625,0.34653472900390625,0.7318954467773438,0.05107879638671875,0.0921478271484375,0.066162109375,0.03609466552734375,17125388288,4831838208,7129120768,0
200,1740666728781,59630.56788635254,4000,0,1.30625,8258.618713378906,3593,3593,3593,3593,3593,3593,3593,3593,3593,3593,3593,3593,0.14582061767578125,0.3614349365234375,0.0142364501953125,0.047943115234375,1.266815185546875,0.0384368896484375,0.5976104736328125,0.1156463623046875,0.06915283203125,0.27640533447265625,0.0625762939453125,0.1853485107421875,17125388288,4831838208,7129116672,0
200,1740666728982,59630.665130615234,4000,0,1.30625,8262.654769897461,3593,3593,3593,3593,3593,3593,3593,3593,3593,3593,3593,3593,0.14270782470703125,0.2215576171875,0.062255859375,0.12261962890625,1.580474853515625,0.09485626220703125,0.9053268432617188,0.45981597900390625,0.220367431640625,0.34258270263671875,0.155364990234375,0.3907318115234375,17125388288,4831838208,7129116672,0
200,1740666729183,59630.70262145996,4000,0,1.3,8265.978225708008,3593,3593,3593,3593,3593,3593,3593,3593,3593,3593,3593,3593,0.1836395263671875,0.09438323974609375,0.03598785400390625,0.06461334228515625,1.2628021240234375,0.10408782958984375,0.4525909423828125,0.7318038940429688,0.06362152099609375,0.15779876708984375,0.08397674560546875,0.03598785400390625,17125388288,4831838208,7129100288,0
200,1740666729384,59630.78045654297,4000,0,1.30625,8269.631713867188,3593,3593,3593,3593,3593,3593,3593,3593,3593,3593,3593,3593,0.06522369384765625,0.12377166748046875,0.04520416259765625,0.02265167236328125,1.2279739379882813,0.03743743896484375,0.2901611328125,0.63006591796875,0.02285003662109375,0.187255859375,0.6951904296875,0.02265167236328125,17125388288,4831838208,7129001984,0
200,1740666729584,59630.81733703613,4000,0,1.30625,8272.923873901367,3593,3593,3593,3593,3593,3593,3593,3593,3593,3593,3593,3593,0.16064453125,0.11083221435546875,0.0389862060546875,0.06671142578125,1.2406082153320313,0.077728271484375,0.29126739501953125,0.7776336669921875,0.06775665283203125,0.15067291259765625,0.06217193603515625,0.03908538818359375,17125388288,4831838208,7129001984,0
200,1740666729785,59630.84652709961,4000,0,1.30625,8276.199325561523,3593,3593,3593,3593,3593,3593,3593,3593,3593,3593,3593,3593,0.2281341552734375,0.3770294189453125,0.032958984375,0.051910400390625,1.2774810791015625,0.0608367919921875,0.2477264404296875,0.73126220703125,0.06282806396484375,0.2082366943359375,0.06482696533203125,0.03285980224609375,17125388288,4831838208,7129001984,0
200,1740666729985,59630.87010192871,4000,0,1.3,8279.456176757813,3593,3593,3593,3593,3593,3593,3593,3593,3593,3593,3593,3593,0.18540191650390625,0.1131134033203125,0.0018463134765625,0.12981414794921875,0.23760223388671875,1.0660629272460938,0.2675628662109375,0.7473526000976563,0.11725616455078125,0.09447479248046875,0.130615234375,0.2259368896484375,17125388288,4831838208,7129001984,0
195,1740666730190,51362.12196350098,4000,0,1.30625,8282.822463989258,3593,3593,3593,3593,3593,3593,3593,3593,3593,3593,3593,3593,0,0,0,0,0,0,0,0,0,0,0,0,17125388288,4831838208,7129001984,0
200,1740666730386,59630.91828918457,4000,0,1.30625,8286.247787475586,3593,3593,3593,3593,3593,3593,3593,3593,3593,3593,3593,3593,1.2697906494140625,1.235870361328125,1.1563262939453125,1.2069473266601563,2.3830108642578125,1.1713180541992188,1.3877029418945313,1.7780685424804688,1.940948486328125,1.2594451904296875,1.2109375,1.16455078125,17125388288,4831838208,7128805376,0
200,1740666730587,59630.953063964844,4000,0,1.3,8289.548202514648,3593,3593,3593,3593,3593,3593,3593,3593,3593,3593,3593,3593,1.0379867553710938,1.0626449584960938,0.9111557006835938,0.925537109375,2.13092041015625,0.9232101440429688,1.303863525390625,1.6463699340820313,0.9777603149414063,0.9771652221679688,0.94525146484375,0.9310684204101563,17125388288,4831838208,7128805376,0
200,1740666730788,59631.029556274414,4000,0,1.3,8293.157989501953,3593,3593,3593,3593,3593,3593,3593,3593,3593,3593,3593,3593,0,0,0,0,0.5985794067382813,0,0,0,0,0,0,0,17125388288,4831838208,7128797184,0
